"#","ML Number","Close Price","Original List Price","On Market Date","Close Date","Status","Address","City","Zip","Legal Subdivision Name","Heated Area","Current Price","Beds","Full Baths","Half Baths","Year Built","Pool","Property Style","Tax","CDOM","ADOM","Days to Contract","Sold Terms","LP / SqFt","SP/SqFt","SP / LP","List Office","List Agent","List Agent ID","Selling Office ID","Selling Agent ID","LSC List Side","List Office Primary Board ID"
"1","O5964340","$2,530,000","$3,500,000","08/19/2021","04/01/2022","SLD","8200 FIRENZE BLVD","ORLANDO","32836","VIZCAYA PH 01 45/29","4,562","$2,530,000","6","5","1","2004","Private","Single Family Residence","$17,946.83","104","104","107","Cash","$635.69","$554.58","0.87","LA ROSA REALTY, LLC","Patricia Cordero Lopez","261218652","56563","261218652","Orlando Regional","Osceola"
"1","O5962884","$3,399,000","$3,495,000","08/02/2021","04/07/2022","SLD","9131 SOUTHERN BREEZE DR","ORLANDO","32836","ESTATES AT PHILLIPS LANDING PH 02","8,328","$3,399,000","7","6","2","2001","Private","Single Family Residence","$29,445.00","171","171","234","Cash","$407.66","$408.14","1.00","PREMIER BROKERS INTERNATIONAL","Lee Yi","261094066","54935","261220680","Orlando Regional","Orlando Regional"
"1","O6008003","$3,200,000","$3,400,000","03/04/2022","04/05/2022","SLD","8998 HUBBARD PL","ORLANDO","32819","POINTE TIBET REP","5,430","$3,200,000","4","4","1","1994","Private","Single Family Residence","$33,399.44","6","6","7","Cash","$626.15","$589.32","0.94","ENGEL & VOLKERS","Russ Wasendorf, Jr","261230694","261010674","249518241","Orlando Regional","Lake and Sumter"
"1","O6001539","$2,300,000","$2,900,000","02/07/2022","04/21/2022","SLD","8028 FIRENZE BLVD","ORLANDO","32836","VIZCAYA PH 01 45/29","7,081","$2,300,000","5","6","1","2002","Private","Single Family Residence","$22,863.05","24","24","25","Conventional","$353.06","$324.81","0.92","PREMIER SOTHEBYS INT'L REALTY","Gordon Kyle","272505934","261018632","732014520","Orlando Regional","Orlando Regional"
"1","O5940273","$1,890,000","$2,495,000","05/01/2021","04/08/2022","SLD","705 DELANEY AVE","ORLANDO","32801","ALISA","5,366","$1,890,000","6","6","1","1922","Private","Single Family Residence","$20,156.11","284","284","297","Conventional","$372.53","$352.22","0.95","KELLER WILLIAMS REALTY AT THE PARKS","Katherine Kinchla","261067550","282019386","282011210","Orlando Regional","Orlando Regional"
"1","O6008699","$1,800,000","$1,799,950","03/11/2022","04/19/2022","SLD","80 WAVERLY PL","ORLANDO","32806","COPELAND TERRACE","4,153","$1,800,000","4","3","1","2001","Private","Single Family Residence","$23,862.00","4","4","4","Conventional","$433.41","$433.42","1.00","CHARLES RUTENBERG REALTY ORLANDO","Jose Ole Mussenden","272505315","52365","261221959","Orlando Regional","Orlando Regional"
"1","O6009765","$1,687,500","$1,750,000","03/10/2022","04/20/2022","SLD","1366 HARBOUR ISLAND RD","ORLANDO","32809","HARBOUR ISLAND SUB","4,546","$1,687,500","4","3","1","1979","Private","Single Family Residence","$15,560.60","4","4","4","Conventional","$384.95","$371.21","0.96","HOMEVEST REALTY","Brad Young","261203816","261016915","261214116","Orlando Regional","Orlando Regional"
"1","O6011001","$1,550,000","$1,550,000","03/18/2022","04/21/2022","SLD","13000 ROMILEY CT","ORLANDO","32832","EAGLE CRK PH 1C-2 PT E VILLAGE F","4,636","$1,550,000","5","5","0","2018","Private, Community","Single Family Residence","$12,870.66","3","3","3","Conventional","$334.34","$334.34","1.00","CHARLES RUTENBERG REALTY ORLANDO","Raju Abraham, PA","261082463","261013159","261210310","Orlando Regional","Orlando Regional"
"1","O5999908","$1,400,000","$1,549,000","02/03/2022","04/07/2022","SLD","5712 CRESCENT HEIGHTS RIDGE","ORLANDO","32819","EMERSON POINTE","5,312","$1,400,000","5","5","1","2008","Private","Single Family Residence","$12,758.25","24","24","31","Conventional","$291.60","$263.55","0.90","PREMIER SOTHEBY'S INTL. REALTY","Keith Conklin, LLC","261223007","260506146","260504237","Orlando Regional","Orlando Regional"
"1","O6000373","$1,250,000","$1,450,000","02/03/2022","04/01/2022","SLD","8435 AMBER OAK DR","ORLANDO","32817","MILLERS COVE","3,418","$1,250,000","4","3","0","1994","None","Single Family Residence","$11,405.74","20","20","20","Conventional","$408.13","$365.71","0.90","EXP REALTY LLC","Scott Rhodes","261070358","261011096","261083323","Orlando Regional","Orlando Regional"
"1","O6004142","$1,210,000","$1,400,000","02/17/2022","04/08/2022","SLD","6289 INDIAN MEADOW ST","ORLANDO","32819","BAYVIEW SUB","4,996","$1,210,000","6","4","0","1987","Private","Single Family Residence","$10,101.00","6","6","6","Cash","$280.22","$242.19","0.86","EXP REALTY LLC","Patti Merrick","261213515","261012236","261094292","Orlando Regional","Orlando Regional"
"1","O5994915","$1,425,000","$1,400,000","01/06/2022","04/21/2022","SLD","534 W YALE ST","ORLANDO","32804","COLLEGE PARK","2,776","$1,425,000","3","3","0","2013","Private","Single Family Residence","$13,173.47","9","9","79","Conventional","$504.32","$513.33","1.02","THE WILKINS WAY LLC","William Wygle","261212377","54033","261203816","Orlando Regional","Orlando Regional"
"1","O5995489","$1,218,750","$1,350,000","01/10/2022","04/08/2022","SLD","7470 ALPINE BUTTERFLY LN","ORLANDO","32819","SAND LAKE SOUND","3,926","$1,218,750","5","4","1","2020","Community","Single Family Residence","$3,197.00","50","50","52","Conventional","$318.39","$310.43","0.98","LA ROSA REALTY, LLC","He Gao","261218173","261012046","261232362","Orlando Regional","Osceola"
"1","O6005786","$1,275,000","$1,140,000","03/10/2022","04/11/2022","SLD","2791 DORELL AVE","ORLANDO","32814","BALDWIN PARK","3,174","$1,275,000","4","3","1","2007","Community","Single Family Residence","$14,926.00","3","3","3","Conventional","$359.17","$401.7","1.12","BALDWIN PARK REALTY LLC","Bobby Livera","261217211","261014339","261222886","Orlando Regional","Orlando Regional"
"1","O6008285","$975,000","$950,000","03/11/2022","04/14/2022","SLD","8360 VIA ROSA","ORLANDO","32836","MIRABELLA AT VIZCAYA PH 3","4,550","$975,000","5","4","1","2004","Private","Single Family Residence","$10,134.14","5","5","13","Conventional","$208.79","$214.29","1.03","COLDWELL BANKER REALTY","Tala Nijmeh","261222932","56563","272505647","Orlando Regional","Sarasota - Manatee"
"1","J945652","$900,639","$900,639","04/22/2022","04/22/2022","SLD","13097 BROMBOROUGH DR","ORLANDO","32832","EAGLE CREEK","4,238","$900,639","5","5","0","","None","","$1,268.14","0","0","-322","Cash","$212.52","$212.52","1.00","STELLAR NON-MEMBER OFFICE","Stellar Non-Member Agent","123456789","59638","261203822","For Future Use","Other"
"1","O6012948","$870,000","$850,000","03/25/2022","04/21/2022","SLD","8157 VIA BELLA NOTTE","ORLANDO","32836","BELLA NOTTE/VIZCAYA PH 03 A C","3,422","$870,000","5","3","1","2003","Private, Community","Single Family Residence","$7,761.78","7","7","19","Cash","$248.39","$254.24","1.02","CHARLES RUTENBERG REALTY ORLANDO","Tom Ferda","261072955","261014321","261230332","Orlando Regional","Orlando Regional"
"1","O6007795","$907,500","$795,000","03/03/2022","04/11/2022","SLD","2403 ROAT DRIVE","ORLANDO","32835","PALMA VISTA","3,467","$907,500","4","4","0","2000","Private","Single Family Residence","$7,985.00","4","4","4","Conventional","$229.30","$261.75","1.14","FANNIE HILLMAN & ASSOCIATES","Denise Sullivan","261227496","261016427","261227399","Orlando Regional","Orlando Regional"
"1","O5999264","$702,250","$725,000","01/25/2022","04/05/2022","SLD","260 S OSCEOLA AVE Unit#604","ORLANDO","32801","STAR TOWER CONDO","2,000","$702,250","2","2","1","2007","Community","Condominium","$7,360.02","25","25","25","Conventional","$362.50","$351.13","0.97","KELLER WILLIAMS REALTY AT THE PARKS","Donald Harkins, III","261205787","56988","261220379","Orlando Regional","Orlando Regional"
"1","O5996522","$700,000","$724,999","01/13/2022","04/01/2022","SLD","100 S EOLA DR Unit#1009","ORLANDO","32801","SANCTUARY DOWNTOWN CONDO","2,035","$700,000","3","2","1","2005","Community","Condominium","$9,145.00","6","6","6","Conventional","$356.26","$343.98","0.97","PROPERTIO","Alin Zdroba","554019331","261012232","261214197","Orlando Regional","Orlando Regional"
"1","O6000943","$620,000","$700,000","02/02/2022","04/15/2022","SLD","100 S EOLA DR Unit#1205","ORLANDO","32801","SANCTUARY DOWNTOWN","2,005","$620,000","2","2","1","2006","Private, Community","Condominium","$8,870.65","66","66","67","Cash","$323.69","$309.23","0.96","DOUGLAS ELLIMAN","Marlene De Cespedes","279556164","50096","272505315","Orlando Regional","Orlando Regional"
"1","S5062867","$725,000","$699,000","02/16/2022","04/12/2022","SLD","13550 PALOMA DR","ORLANDO","32837","HUNTERS CREEK TR 515 PH 02 48 96","3,643","$725,000","6","4","0","2003","Private","Single Family Residence","$4,962.00","2","2","3","Conventional","$191.87","$199.01","1.04","LA ROSA REALTY KISSIMMEE","Saqib Bhatti","272507091","59157J","261212058","Osceola","Orlando Regional"
"1","O6005656","$625,000","$675,000","03/03/2022","04/13/2022","SLD","8442 KARRER TER","ORLANDO","32827","LAUREATE PARK NBRHD CENTER PH 1","2,142","$625,000","4","3","1","2018","Community","Townhouse","$6,813.00","7","7","7","Conventional","$315.13","$291.78","0.93","PREMIER SOTHEBY'S INTL. REALTY","Harif Hazera","261214579","261014339","261214579","Orlando Regional","Orlando Regional"
"1","S5062751","$650,000","$650,000","02/15/2022","04/13/2022","SLD","9657 MOSS ROSE WAY","ORLANDO","32832","PARK NBRHD 05","3,246","$650,000","5","3","0","2005","None","Single Family Residence","$6,992.26","12","12","12","Conventional","$200.25","$200.25","1.00","MDS REALTY CORP","Mauricio Suarez","276519970","261011867","261207313","Osceola","Osceola"
"1","O5988632","$620,000","$635,000","12/01/2021","04/15/2022","SLD","100 S EOLA DR Unit#1113","ORLANDO","32801","SANCTUARY DOWNTOWN CONDOMINIUM","1,885","$620,000","2","2","1","2005","Community","Condominium","$3,942.00","63","63","91","Cash","$336.87","$328.91","0.98","KELLER WILLIAMS ADVANTAGE REALTY","P. Darlene Brown, PA","261016741","261019010","261210429","Orlando Regional","Orlando Regional"
"1","S5063645","$612,000","$625,000","03/01/2022","04/08/2022","SLD","5201 DOVE TREE ST","ORLANDO","32811","MILLENNIA PARK PH 2","2,927","$612,000","5","3","1","2014","None","Single Family Residence","$6,410.49","20","20","29","Cash","$213.53","$209.09","0.98","REMAX PIONEER","Carolina Robbins","272561871","261018219","261227412","Osceola","Osceola"
"1","O6010711","$620,000","$620,000","03/15/2022","04/15/2022","SLD","322 E CENTRAL BLVD Unit#1403","ORLANDO","32801","WAVERLY/LK EOLA","1,632","$620,000","2","2","0","2001","Community","Condominium","$6,989.00","2","2","2","Conventional","$379.90","$379.9","1.00","COLDWELL BANKER REALTY","Cindy Gold","261210107","261010944","272561718","Orlando Regional","Orlando Regional"
"1","O5999742","$705,000","$599,900","01/27/2022","04/04/2022","SLD","1121 W YALE ST","ORLANDO","32804","COLLEGE PARK SECOND ADD","1,893","$705,000","3","3","0","1926","Private","Single Family Residence","$5,298.54","4","4","5","Conventional","$316.90","$372.42","1.18","ARMEL REAL ESTATE INC","Brad Chancey","261203241","261018780","261213549","Orlando Regional","Orlando Regional"
"1","G5053046","$565,000","$575,000","03/18/2022","04/11/2022","SLD","2237 OSPREY WOODS CIR","ORLANDO","32820","CYPRESS LAKES PARCELS J AND K","2,830","$565,000","5","4","0","2011","Private, Community","Single Family Residence","$5,958.22","4","4","4","Cash","$203.18","$199.65","0.98","OPTIMA ONE REALTY, INC.","Brian Martin","261211877","55055","123456789","Lake and Sumter","Lake and Sumter"
"1","O6010308","$595,000","$575,000","03/14/2022","04/21/2022","SLD","10025 LAKE DISTRICT LN","ORLANDO","32832","PARK NBRHD 05","2,726","$595,000","4","2","1","2005","None","Single Family Residence","$5,708.05","2","2","2","Conventional","$205.43","$218.27","1.06","ALL REAL ESTATE & INVESTMENTS","Kristina Dunn, LLC","261219953","261014414","261226461","Orlando Regional","Orlando Regional"
"1","S5062010","$568,000","$569,999","02/01/2022","04/08/2022","SLD","13654 PODOCARPUS LN","ORLANDO","32828","AVALON PARK NORTHWEST VILLAGE PH 01","3,254","$568,000","4","2","1","2006","None","Single Family Residence","$2,971.44","6","6","17","VA","$178.24","$174.55","0.98","CAISSA REALTY INVESTMENT INC","Jorge Aguila-Rodriguez","272506472","261014585","261213142","Osceola","Osceola"
"1","S5063243","$565,000","$565,000","03/01/2022","04/01/2022","SLD","14663 CABLESHIRE WAY","ORLANDO","32824","WYNDHAM LAKES ESTATES","3,904","$565,000","5","4","0","2006","Community","Single Family Residence","$6,050.41","3","3","3","Conventional","$144.72","$144.72","1.00","UNIVERSAL REALTY OF CENTRAL FL","Haimdatt Sadoo","272503711","261010944","261217823","Osceola","Osceola"
"1","O6007866","$530,000","$560,000","03/03/2022","04/18/2022","SLD","1910 OAK GROVE CHASE DR","ORLANDO","32820","CYPRESS LAKES PH 01 46/82","3,093","$530,000","5","3","0","2003","Community","Single Family Residence","$3,349.00","4","4","4","Conventional","$181.05","$171.35","0.95","EXP REALTY LLC","Tanin Teston","261215165","261011902","261222130","Orlando Regional","Orlando Regional"
"1","O6013015","$530,000","$549,000","03/24/2022","04/22/2022","SLD","2608 MEETING PL Unit#14-302","ORLANDO","32814","BALDWIN PARK 6","1,307","$530,000","2","2","0","2006","Community","Condominium","$3,605.00","5","5","5","Conventional","$420.05","$405.51","0.97","FANNIE HILLMAN & ASSOCIATES","Lisa Fleming","261072829","51957E","261072654","Orlando Regional","Orlando Regional"
"1","O5995016","$490,000","$495,000","01/07/2022","04/08/2022","SLD","4804 CAYVIEW AVE Unit#20612","ORLANDO","32819","VISTA CAY/HARBOR SQUARE PH 12","2,001","$490,000","3","2","0","2007","Community","Condominium","$4,313.24","50","50","70","Cash","$245.88","$244.88","1.00","VISTA CAY REALTY COMPANY","Gabriela Buche","261225487","272503916","272502770","Orlando Regional","Orlando Regional"
"1","S5063300","$498,000","$490,000","02/25/2022","04/01/2022","SLD","13185 SAPPHIRE FALLS LN","ORLANDO","32824","BEACON PARK PH 02","2,861","$498,000","4","2","1","2007","None","Single Family Residence","$3,927.00","5","5","12","Conventional","$171.27","$174.07","1.02","TOP 7 REALTY LLC","Audrey Torres","261221954","261011109","261212524","Osceola","Osceola"
"1","O6002797","$485,000","$475,000","02/09/2022","04/18/2022","SLD","10209 PARK ROW CT","ORLANDO","32832","EAST PARK","2,770","$485,000","4","3","0","2005","None","Single Family Residence","$6,823.68","4","4","5","Conventional","$171.48","$175.09","1.02","CHARLES RUTENBERG REALTY ORLANDO","David Fontana","261073476","50737","261220972","Orlando Regional","Orlando Regional"
"1","O6014131","$445,000","$459,900","04/01/2022","04/08/2022","SLD","7573 LAUREATE BLVD Unit#304","ORLANDO","32827","GATHERINGS/LK NONA I BLDG 1","1,535","$445,000","2","2","0","2018","Community","Condominium","$4,007.00","26","0","0","Cash","$299.61","$289.9","0.97","WEMERT GROUP REALTY LLC","Jenny Wemert","805527269","261014414","272502738","Orlando Regional","Orlando Regional"
"1","O6005372","$497,000","$459,900","02/21/2022","04/08/2022","SLD","4804 CAYVIEW AVE Unit#30212","ORLANDO","32819","VISTA CAY/HARBOR SQUARE PH 12","2,001","$497,000","3","2","0","2007","Community","Condominium","$4,313.24","0","0","5","Conventional","$242.33","$248.38","1.02","VISTA CAY REALTY COMPANY","Drew Frahm","272502491","261018780","258004102","Orlando Regional","Orlando Regional"
"1","O6013270","$470,000","$449,900","03/26/2022","04/20/2022","SLD","3310 HARRISON AVE Unit#1","ORLANDO","32804","COLLEGE PARK CASTLE CONDO","2,093","$470,000","3","2","0","1950","Private, Community","Condominium","$4,442.95","4","4","5","Cash","$214.95","$224.56","1.04","CHARLES RUTENBERG REALTY ORLANDO","Steven Looper","261083349","261014321","261213559","Orlando Regional","Orlando Regional"
"1","O6005312","$455,000","$449,000","02/21/2022","04/01/2022","SLD","4822 WATERVISTA DR","ORLANDO","32821","WATERVIEW TWNHMS SEC 01 PH 01","2,432","$455,000","3","2","1","1992","Community","Single Family Residence","$5,261.66","5","5","8","Conventional","$184.62","$187.09","1.01","COLDWELL BANKER REALTY","Greg Landy","261202603","56037","261223759","Orlando Regional","Orlando Regional"
"1","O5946176","$471,429","$435,000","05/23/2021","04/01/2022","SLD","0000 PADDOCK ST","ORLANDO","32833","ROCKET CITY","2,300","$471,429","4","3","0","2021","None","Single Family Residence","$286.00","124","124","176","Conventional","$208.70","$204.97","0.98","MARKET CONNECT REALTY LLC","Joshua Neudigate","261215767","261016353","261215767","Orlando Regional","Orlando Regional"
"1","O6007972","$453,000","$427,990","03/04/2022","04/05/2022","SLD","3222 PALMER ST","ORLANDO","32803","RENLEE TERRACE","1,240","$453,000","3","2","0","1955","Private","Single Family Residence","$3,610.00","2","2","3","Conventional","$345.15","$365.32","1.06","TERRA HOMES LLC","Veronika Keogh","261086599","261016427","261226170","Orlando Regional","Orlando Regional"
"1","O6007729","$447,000","$425,000","03/02/2022","04/05/2022","SLD","2020 MEETING PL Unit#204","ORLANDO","32814","BALDWIN PARK #9","1,500","$447,000","2","2","0","2008","Community","Condominium","$6,464.00","5","5","7","Conventional","$283.33","$298","1.05","EXP REALTY LLC","Geanette Francis","261226289","261011384","260502677","Orlando Regional","Orlando Regional"
"1","S5062234","$407,000","$420,000","02/02/2022","04/05/2022","SLD","155 S COURT AVE Unit#2505","ORLANDO","32801","SOLAIRE AT THE PLAZA","1,263","$407,000","2","2","0","2007","Community","Condominium","$5,721.00","30","30","30","Conventional","$332.54","$322.25","0.97","TONYDAVIDSHOMES.COM, LLC","Tony Davids","272501737","55055","123456789","Osceola","Osceola"
"1","J945619","$405,459","$405,459","04/22/2022","04/22/2022","SLD","8436 SPERRY ST","ORLANDO","32827","LAUREATE PARK","2,016","$405,459","3","3","1","2022","Community","Townhouse","$1,693.38","0","0","0","Cash","$201.12","$201.12","1.00","STELLAR NON-MEMBER OFFICE","Stellar Non-Member Agent","123456789","261017555","261207532","For Future Use","Other"
"1","S5064245","$407,000","$399,900","03/15/2022","04/04/2022","SLD","5000 CAYVIEW AVE Unit#21008","ORLANDO","32819","VISTA CAY/HARBOR SQUARE PH 8","1,412","$407,000","3","2","0","2006","Community","Condominium","$3,715.63","2","2","3","Cash","$283.22","$288.24","1.02","BARCLAY REALTY CORP.","Maher Beshay","272508816","261013971","261210427","Osceola","Osceola"
"1","O6005053","$414,760","$399,000","02/18/2022","04/04/2022","SLD","1517 E ESTHER ST","ORLANDO","32806","CLOSE SUB","1,883","$414,760","2","2","0","1953","None","Single Family Residence","$4,880.00","2","2","2","Conventional","$211.90","$220.27","1.04","OLDE TOWN BROKERS INC","Parker Blanchard","261225835","261010944","260504374","Orlando Regional","Orlando Regional"
"1","S5063460","$405,000","$386,000","02/25/2022","04/04/2022","SLD","3811 REDDITT RD","ORLANDO","32822","NONE","1,717","$405,000","3","3","0","2000","None","Single Family Residence","$3,796.13","4","4","4","Conventional","$224.81","$235.88","1.05","LA ROSA REALTY, LLC","Brahim Abouhi PA","272505720","272506355","272507709","Osceola","Osceola"
"1","O6006898","$410,000","$385,000","02/28/2022","04/05/2022","SLD","5049 SHOREWAY LOOP 20101 Unit#201","ORLANDO","32819","VISTA CAY/HARBOR SQUARE PH 08","1,823","$410,000","2","2","0","2006","Community","Condominium","$3,930.00","6","6","20","Cash","$211.19","$224.9","1.06","VISTA CAY REALTY COMPANY","Sandra Watson","261085386","272550027","272562456","Orlando Regional","Orlando Regional"
"1","O6005815","$394,000","$379,900","02/23/2022","04/01/2022","SLD","4001 BREAKVIEW DR Unit#205","ORLANDO","32819","VISTA CAY RESORT - THE RESERVE","1,185","$394,000","3","2","0","2021","Community","Condo - Hotel","$792.60","3","3","4","Conventional","$320.59","$332.49","1.04","REALTY HUB","Joshua Dubin","261083201","56037","261210603","Orlando Regional","Orlando Regional"
"1","S5061708","$350,400","$375,000","01/22/2022","04/18/2022","SLD","10728 GARDEN LILY DR Unit#23","ORLANDO","32832","VILLAS/EAST PARK","1,771","$350,400","3","2","1","2006","None","Condominium","$4,371.42","17","17","26","Conventional","$207.79","$197.85","0.95","LA ROSA REALTY LAKE NONA INC","Brenda Camacho","272507671","261011490","272561952","Osceola","Osceola"
"1","O5999619","$375,000","$375,000","01/29/2022","04/11/2022","SLD","2927 MONACO CT Unit#21","ORLANDO","32806","LAKE PINELOCH VILLAGE CONDO 5","1,460","$375,000","3","2","0","1986","Community","Condominium","$3,898.54","5","5","42","Conventional","$256.85","$256.85","1.00","KEENE'S POINTE REALTY","Wayne Weger","261083935","261011090","261222107","Orlando Regional","Orlando Regional"
"1","O6009195","$391,000","$375,000","03/21/2022","04/01/2022","SLD","8001 COOL BREEZE AVE Unit#121","ORLANDO","32819","BAYSHORE AT VISTA CAY AT HARBOR SQUARE CONDOMINIUM","1,746","$391,000","3","3","1","2006","Community","Townhouse","$3,460.44","1","1","1","Cash","$214.78","$223.94","1.04","VISTA CAY REALTY COMPANY","Drew Frahm","272502491","260504222","278049069","Orlando Regional","Orlando Regional"
"1","O6007281","$390,000","$369,000","03/14/2022","04/04/2022","SLD","5038 TIDEVIEW CIR Unit#21","ORLANDO","32819","BAYSHORE/VISTA CAY PH 4","1,746","$390,000","3","3","1","2005","Community","Townhouse","$3,460.00","1","1","2","Cash","$211.34","$223.37","1.06","VISTA CAY REALTY COMPANY","Sandra Watson","261085386","261012292","261088179","Orlando Regional","Orlando Regional"
"1","O6003650","$340,000","$349,900","02/18/2022","04/06/2022","SLD","3362 ROBERT TRENT JONES DRIVE Unit#104","ORLANDO","32835","STONEBRIDGE RESERVE","2,129","$340,000","3","2","0","2007","Community","Condominium","$4,168.00","3","3","8","Cash","$164.35","$159.7","0.97","WINDERMERE REALTY GROUP","Ramon Rosquete","261091708","261010881","261220559","Orlando Regional","Orlando Regional"
"1","O6007283","$359,000","$329,000","03/06/2022","04/04/2022","SLD","4802 CAYVIEW AVE AVE Unit#40814","ORLANDO","32819","VISTA CAY/HARBOR SQUARE PH 14","1,247","$359,000","3","2","0","2006","Community","Condominium","$3,270.00","1","1","6","Cash","$263.83","$287.89","1.09","VISTA CAY REALTY COMPANY","Sandra Watson","261085386","261010561","272502491","Orlando Regional","Orlando Regional"
"1","O6001611","$309,000","$328,000","02/03/2022","04/07/2022","SLD","530 E CENTRAL BLVD Unit#1702","ORLANDO","32801","530 EAST CENTRAL CONDO","1,304","$309,000","2","2","0","1985","Community","Condominium","$5,680.70","32","32","32","Cash","$251.53","$236.96","0.94","KONA REALTY SERVICESS LLC","Michelle Quatrale","261218013","261011930","261073900","Orlando Regional","Orlando Regional"
"1","O5982420","$300,000","$315,000","10/29/2021","04/05/2022","SLD","400 E COLONIAL DR Unit#104","ORLANDO","32803","PARK LAKE TOWERS","1,189","$300,000","2","2","0","1975","Community","Condominium","$3,304.00","100","100","100","Conventional","$264.93","$252.31","0.95","NOBLEGATE REALTY","Gemma Bissell","261224019","261012230","261228330","Orlando Regional","Orlando Regional"
"1","O6010385","$330,000","$315,000","03/15/2022","04/06/2022","SLD","2679 METRO SEVILLA DR Unit#105","ORLANDO","32835","CARRIAGE HMS/STONEBRIDGE COMMO","1,857","$330,000","3","2","0","2005","Community","Condominium","$3,571.55","5","5","8","Cash","$169.63","$177.71","1.05","THE BRAHMIN GROUP","Kishan Brahmin","261218067","261010881","261220559","Orlando Regional","Orlando Regional"
"1","O6008480","$315,000","$314,900","03/04/2022","04/01/2022","SLD","155 S COURT AVE Unit#1810","ORLANDO","32801","SOLAIRE/PLAZA CONDO","804","$315,000","1","1","0","2007","Community","Condominium","$3,512.00","3","3","3","Cash","$391.67","$391.79","1.00","COLDWELL BANKER ACKLEY REALTY","Jude DeVito","261226976","261014009","261203801","Orlando Regional","Osceola"
"1","O6005509","$325,000","$310,000","02/21/2022","04/04/2022","SLD","4523 ASHTUBULA CT","ORLANDO","32818","OAK LNDG","1,994","$325,000","3","2","0","2005","None","Single Family Residence","$1,598.68","3","3","17","Conventional","$155.47","$162.99","1.05","WEICHERT REALTORS HALLMARK PRO","Jeanette Francisco","261075085","272561366","261072784","Orlando Regional","Orlando Regional"
"1","O6009942","$300,000","$305,000","03/10/2022","04/12/2022","SLD","13427 BLUE HERON BEACH DR Unit#704","ORLANDO","32821","BLUE HERON BEACH RESIDENCE","1,169","$300,000","2","2","0","2007","Community","Condo - Hotel","$2,497.55","13","13","13","Cash","$260.91","$256.63","0.98","PREMIER BROKERS INTERNATIONAL","Lee Yi","261094066","261010944","272562996","Orlando Regional","Orlando Regional"
"1","O6005750","$300,000","$300,000","02/24/2022","04/14/2022","SLD","3368 ROBERT TRENT JONES DR Unit#201","ORLANDO","32835","STONEBRIDGE RESERVE PH 8","1,810","$300,000","2","2","0","2007","Community","Condominium","$4,025.54","7","7","9","Conventional","$165.75","$165.75","1.00","FLORIDA CAPITAL REALTY","Laurie Hall","268003743","261012144","261093147","Orlando Regional","Orlando Regional"
"1","O5997309","$299,000","$299,000","02/27/2022","04/12/2022","SLD","4177 N ORANGE BLOSSOM TRL Unit#307","ORLANDO","32804","FAIRVIEW GRANDE PH I","1,648","$299,000","2","2","0","2009","Community","Condominium","$2,711.00","8","8","8","Conventional","$181.43","$181.43","1.00","BHHS FLORIDA REALTY","Shirley Welch","261070849","55055","123456789","Orlando Regional","Orlando Regional"
"1","O6001031","$317,000","$299,000","02/02/2022","04/07/2022","SLD","14167 TURNING LEAF DR","ORLANDO","32828","AVALON LAKES PH 3, VLG(S) A AND B","1,708","$317,000","3","2","1","2006","Community","Townhouse","$3,160.00","7","7","35","Conventional","$175.06","$185.6","1.06","RE/MAX PROPERTIES SW","Hans Welbergen","261071661","261014387","261212892","Orlando Regional","Orlando Regional"
"1","O6006984","$300,000","$284,900","03/01/2022","04/01/2022","SLD","13427 BLUE HERON BEACH DR Unit#1805","ORLANDO","32821","BLUE HERON BCH RESIDENCE TWR 02 CONDO","1,165","$300,000","2","2","0","2007","Community","Condo - Hotel","$2,489.00","1","1","1","Cash","$244.55","$257.51","1.05","COLDWELL BANKER REALTY","Stephane Loth","261223544","780118","261558676","Orlando Regional","Sarasota - Manatee"
"1","O6006802","$270,000","$269,900","02/26/2022","04/11/2022","SLD","12527 FLORIDAYS RESORT DR Unit#609-E","ORLANDO","32821","FLORIDAYS ORLANDO RESORT CONDO PH 4","1,200","$270,000","3","2","0","2006","Community","Condo - Hotel","$3,361.77","27","27","27","Cash","$229.08","$225","0.98","LOKATION","Odair Magalhaes","261203661","272503178","272501737","Orlando Regional","West Volusia"
"1","O6000032","$270,000","$269,900","01/28/2022","04/01/2022","SLD","2370 GRAND CENTRAL PKWY Unit#10","ORLANDO","32839","ESTATES/PK CENTRAL CONDO","1,457","$270,000","3","2","0","2006","Community","Condominium","$2,823.40","20","20","42","Cash","$185.24","$185.31","1.00","SELECTA REALTY LLC","Bruna Sereno","261205860","50096","261229183","Orlando Regional","Orlando Regional"
"1","O6006647","$255,000","$269,000","02/28/2022","04/13/2022","SLD","2974 PLAZA TERRACE DR Unit#2974","ORLANDO","32803","AUDUBON PLACE CITY CONDO","890","$255,000","2","2","0","1972","Community","Condominium","$2,813.00","12","12","36","Conventional","$302.25","$286.52","0.95","BEYCOME OF FLORIDA LLC","Steven Koleno","364512302","261012230","261014422","Orlando Regional","Orlando Regional"
"1","O6007010","$270,000","$265,000","02/28/2022","04/15/2022","SLD","3633 SENECA CLUB LOOP Unit#5","ORLANDO","32808","WESTWOOD CONDO II PH 5","1,461","$270,000","3","2","1","2017","None","Condominium","$2,656.65","7","7","7","Conventional","$181.38","$184.8","1.02","MLSB THE BUREAU POWERED BY CAROM REALTY","Jamal Murphy","282022322","59638","261206637","Orlando Regional","Orlando Regional"
"1","O6005318","$288,000","$265,000","02/21/2022","04/11/2022","SLD","10722 DAWSON LILY WAY Unit#40A","ORLANDO","32832","VILLAS/EAST PARK","1,305","$288,000","2","2","0","2014","Community","Condominium","$2,938.00","3","3","42","Conventional","$203.07","$220.69","1.09","WEMERT GROUP REALTY LLC","Jenny Wemert","805527269","55055","123456789","Orlando Regional","Orlando Regional"
"1","O6012732","$270,000","$255,000","03/24/2022","04/05/2022","SLD","2514 GRAND CENTRAL PKWY Unit#5","ORLANDO","32839","ESTATES AT PARK CENTRAL","1,457","$270,000","3","2","0","2006","Community","Condominium","$2,880.28","-1","-1","2","Cash","$175.02","$185.31","1.06","EXP REALTY LLC","Daniel Teston","261201653","261017555","261229655","Orlando Regional","Orlando Regional"
"1","O6001886","$260,000","$250,000","02/09/2022","04/04/2022","SLD","5471 VINELAND RD Unit#7309","ORLANDO","32811","CYPRESS FAIRWAY CONDO","1,232","$260,000","3","2","0","2000","Community","Condominium","$2,657.37","15","15","45","Cash","$202.92","$211.04","1.04","CINO INTERNATIONAL INC","Lily Wang","261070502","261016464","261215333","Orlando Regional","Orlando Regional"
"1","S5065065","$245,000","$245,000","04/05/2022","04/15/2022","SLD","12521 FLORIDAYS RESORT DR Unit#612F","ORLANDO","32821","FLORIDAYS ORLANDO RESIDENCE","1,200","$245,000","3","2","0","2006","None","Condo - Hotel","$3,362.00","0","0","0","Cash","$204.17","$204.17","1.00","LA ROSA REALTY, LLC","Moire McKibbin","272508098","56563","272508098","Osceola","Osceola"
"1","S5060029","$225,000","$239,900","01/11/2022","04/18/2022","SLD","8101 RESORT VILLAGE DR Unit#3302","ORLANDO","32821","LAKE BUENA VISTA RESORT VLG 2 CONDO","1,231","$225,000","3","2","0","2007","Community","Condo - Hotel","$2,586.00","57","57","57","Private","$194.88","$182.78","0.94","THREE MOUNTAINS REALTY","Kathryn Valentine","272507839","261010944","261226346","Osceola","Osceola"
"1","O6001726","$235,900","$235,900","02/17/2022","04/01/2022","SLD","5550 E MICHIGAN ST Unit#2232","ORLANDO","32822","REGISTRY/MICHIGAN PARK CONDO","1,107","$235,900","2","2","0","2005","Community","Condominium","$2,178.00","13","13","14","Cash","$213.10","$213.1","1.00","QUANTUM REAL ESTATE GROUP","Betty Rebolledo Castro","604500808","272561305","272502280","Orlando Regional","Orlando Regional"
"1","O6010779","$251,000","$230,000","03/18/2022","04/21/2022","SLD","8710 SARATOGA INLET DR Unit#306","ORLANDO","32829","HORIZONS/VISTA LAKES PH 03","1,248","$251,000","3","2","0","2005","Community","Condominium","$3,014.54","6","6","6","Conventional","$184.29","$201.12","1.09","KELLER WILLIAMS ADVANTAGE 2 REALTY","Karla Gusching","261210224","261012452","261218165","Orlando Regional","Orlando Regional"
"1","O6010225","$215,000","$228,500","03/11/2022","04/05/2022","SLD","2586 ROBERT TRENT JONES DR Unit#1120","ORLANDO","32835","MADISON/METROWEST","1,150","$215,000","2","2","0","1995","Community","Condominium","$599.00","4","4","4","Cash","$198.70","$186.96","0.94","YOUR HOME SOLD GUARANTEED REALTY","Guang Yang","261092582","261010881","261220559","Orlando Regional","Orlando Regional"
"1","O6003041","$220,000","$225,000","02/10/2022","04/02/2022","SLD","7360 WESTPOINTE BLVD Unit#110","ORLANDO","32835","BERMUDA DUNES PRIVATE RESIDENCE","1,423","$220,000","3","2","0","1994","Community","Condominium","$2,284.00","18","18","18","Cash","$158.12","$154.6","0.98","DOUG STEWART REALTY, INC","Patricia Balabu Stredel","261230808","60533","261230808","Orlando Regional","Orlando Regional"
"1","S5064374","$240,000","$225,000","03/16/2022","04/20/2022","SLD","8813 VILLA VIEW CIR Unit#204","ORLANDO","32821","MIRABELLA","1,076","$240,000","2","2","0","2002","Community","Condominium","$2,096.26","2","2","2","Conventional","$209.11","$223.05","1.07","LA ROSA REALTY, LLC","Aline Oliveira","272509635","260000779","261219327","Osceola","Osceola"
"1","O5983691","$218,000","$220,000","11/04/2021","04/14/2022","SLD","12556 FLORIDAYS RESORT DR Unit#503-A","ORLANDO","32821","FLORIDAYS ORLANDO RESIDENCE PH 8","1,017","$218,000","2","2","0","2006","Community","Condo - Hotel","$2,884.53","102","102","118","Conventional","$215.34","$214.36","1.00","HOUWZER LLC","Landon Barton","261213353","272508127","272509494","Orlando Regional","Orlando Regional"
"1","O6013532","$235,000","$220,000","03/26/2022","04/08/2022","SLD","4814 BRIGHTON TER Unit#G","ORLANDO","32811","TOWNES SOUTHGATE CONDO PH D","1,263","$235,000","3","2","0","1989","None","Condominium","$2,402.00","2","2","3","Cash","$174.19","$186.06","1.07","COLDWELL BANKER REALTY","Lauraine Quintana","261068651","261014939","261074631","Orlando Regional","Orlando Regional"
"1","O6004238","$195,000","$214,000","02/17/2022","04/20/2022","SLD","6165 CARRIER DR Unit#2602","ORLANDO","32819","ENCLAVE AT ORLANDO PH 02","578","$195,000","2","2","0","1986","None","Condo - Hotel","$1,704.00","24","24","26","Private, Seller Financing","$363.15","$337.37","0.93","ORLANDO REO PROF I INC","Ronald Gentile","259500897","272566279","272567285","Orlando Regional","Orlando Regional"
"1","O6005130","$200,000","$210,000","02/18/2022","04/13/2022","SLD","6165 CARRIER DR Unit#2901","ORLANDO","32819","ENCLAVE AT ORLANDO PH 02","578","$200,000","2","2","0","1986","Community","Condo - Hotel","$1,732.02","12","12","20","Conventional","$363.32","$346.02","0.95","KELLER WILLIAMS ADVANTAGE III","Hillary Alvarez","261231246","261014203","261214262","Orlando Regional","Orlando Regional"
"1","O5985434","$200,000","$210,000","11/11/2021","04/21/2022","SLD","8000 POINCIANA BLVD Unit#2402","ORLANDO","32821","LAKE BUENA VISTA RESIDENCE VILLAGE I","1,231","$200,000","3","2","0","2006","Community","Condo - Hotel","$2,503.76","40","40","113","Cash","$166.53","$162.47","0.98","EMPIRE NETWORK REALTY","Juliana Usquiano","261227744","50096","261073242","Orlando Regional","Orlando Regional"
"1","O6009165","$212,000","$210,000","03/09/2022","04/22/2022","SLD","14229 FALLS CHURCH DR Unit#1718","ORLANDO","32837","CAPRI/HUNTERS CRK CONDO","1,041","$212,000","2","2","0","1998","Community","Condominium","$2,240.00","0","0","1","Conventional","$201.73","$203.65","1.01","YOUNG REAL ESTATE","Giovanny Mira Rojas","261219034","261015644","261219034","Orlando Regional","Orlando Regional"
"1","O6010414","$220,000","$209,990","03/15/2022","04/05/2022","SLD","3224 DANTE DR Unit#201","ORLANDO","32835","HORIZONS AT STONEBRIDGE PLACE CONDO PH 2","1,206","$220,000","3","2","0","2003","Community","Condominium","$2,394.05","3","3","3","Cash","$174.12","$182.42","1.05","RE/MAX PRIME PROPERTIES","Hojin Chang","261062523","261012236","261213083","Orlando Regional","Orlando Regional"
"1","O6007189","$220,000","$209,900","03/01/2022","04/18/2022","SLD","5384 ELM CT Unit#357","ORLANDO","32811","MIDDLEBROOK PINES PH 04","1,285","$220,000","2","2","1","1985","Community","Condominium","$2,169.00","13","13","22","Conventional","$163.35","$171.21","1.05","BEAR TEAM REAL ESTATE","Bethanne Baer","261005929","261017313","261219176","Orlando Regional","Orlando Regional"
"1","S5062099","$205,000","$209,000","02/11/2022","04/15/2022","SLD","8000 POINCIANA BLVD Unit#2612","ORLANDO","32821","LAKE BUENA VISTA RESIDENCE VILLAGE I","1,231","$205,000","3","2","0","2006","Community","Condo - Hotel","$2,461.31","31","31","38","Cash","$169.78","$166.53","0.98","SELLING TOWN REALTY LLC","Analiss Alfaro","272503812","54950","261211044","Osceola","Osceola"
"1","O6005607","$209,000","$209,000","02/22/2022","04/01/2022","SLD","8825 LATREC AVE Unit#208","ORLANDO","32819","SAND LAKE PRIVATE RESIDENCES","1,003","$209,000","2","2","0","1994","Community","Condominium","$1,843.00","2","2","2","Cash","$208.37","$208.37","1.00","EXP REALTY LLC","Joseph Newstreet","261098553","261015010","261098553","Orlando Regional","Orlando Regional"
"1","O5994572","$213,000","$206,800","01/06/2022","04/21/2022","SLD","4746 CAPRI PL Unit#213","ORLANDO","32811","TOWNES SOUTHGATE 03","1,105","$213,000","2","2","0","1985","Community","Condominium","$2,019.00","12","12","61","Conventional","$192.58","$192.76","1.00","GARCIA REALTY GROUP","Monica Gallo","261227412","51122I","261225475","Orlando Regional","Orlando Regional"
"1","O6002743","$210,000","$200,000","02/11/2022","04/13/2022","SLD","6177 METROWEST BLVD Unit#108","ORLANDO","32835","SERENATA CONDO","1,138","$210,000","2","2","0","2004","Community","Condominium","$2,359.05","7","7","9","Conventional","$175.75","$184.53","1.05","SUNNY 365 REALTY GROUP","Isabel Sirizzotti","272503020","272509632","272507107","Orlando Regional","Orlando Regional"
"1","O6006910","$207,000","$199,900","02/28/2022","04/05/2022","SLD","4864 CONWAY RD Unit#119","ORLANDO","32812","SIENNA PLACE CONDO","870","$207,000","2","2","0","1973","Community","Condominium","$637.00","4","4","6","Conventional","$229.77","$237.93","1.04","FIDACITY REALTY FLORIDA","Christi Jensen","105035721","261016115","261208770","Pinellas Suncoast","Pinellas Suncoast"
"1","O6006437","$180,000","$199,000","02/25/2022","04/18/2022","SLD","400 E COLONIAL DR Unit#1306","ORLANDO","32803","PARK LAKE TOWERS","799","$180,000","1","1","1","1975","Community","Condominium","$2,578.99","14","14","15","Conventional","$230.29","$225.28","0.98","BLUEPRINT RE GROUP LLC","Lea Beaudin","265579368","261012685","284014523","Orlando Regional","Orlando Regional"
"1","O6008050","$185,000","$195,000","03/11/2022","04/11/2022","SLD","4874 S SEMORAN BLVD Unit#1708","ORLANDO","32822","SOUTHBROOKE CONDO PH 05","900","$185,000","2","2","0","1985","Community","Condominium","$1,622.00","14","14","14","Cash","$211.11","$205.56","0.97","BELLA HOUSE REALTY","Claudia Velez","261073874","261011065","261073874","Orlando Regional","Orlando Regional"
"1","O6010320","$230,000","$195,000","03/15/2022","04/19/2022","SLD","14037 FAIRWAY ISLAND DR Unit#224","ORLANDO","32837","AUDUBON VLS/HUNTERS CRK CONDO","1,020","$230,000","2","2","0","1997","Community","Condominium","$2,015.00","3","3","7","Conventional","$191.18","$225.49","1.18","LJL REAL ESTATE, INC.","Erik Lynch","261225815","261014715","261221831","Orlando Regional","Orlando Regional"
"1","O6004889","$196,000","$194,900","02/18/2022","04/04/2022","SLD","9801 TURF WAY Unit#4","ORLANDO","32837","HAWTHORNE VLG CONDO","905","$196,000","2","2","0","2006","None","Condominium","$1,783.00","16","16","24","Cash","$215.36","$216.57","1.01","UPSIDE REAL ESTATE INC","Adriana Murcia","260502235","56563","261212726","Orlando Regional","Orlando Regional"
"1","O6006166","$196,000","$189,900","02/24/2022","04/01/2022","SLD","300 E SOUTH ST Unit#2005","ORLANDO","32801","GRANDE DOWNTOWN ORLANDO","744","$196,000","1","1","0","2002","Community","Condominium","$2,414.09","3","3","4","Conventional","$255.24","$263.44","1.03","BHHS FLORIDA REALTY","Richard Alpizar","261204263","288578866","260505526","Orlando Regional","Orlando Regional"
"1","O6004959","$200,000","$187,000","03/18/2022","04/05/2022","SLD","304 E SOUTH ST Unit#4019","ORLANDO","32801","GRANDE DOWNTOWN ORLANDO","685","$200,000","1","1","0","2002","Community","Condominium","$2,224.00","2","2","2","Conventional","$272.99","$291.97","1.07","EXP REALTY LLC","Justin Adams","261223017","261019186","261208993","Orlando Regional","Orlando Regional"
"1","O6000829","$180,000","$185,000","02/04/2022","04/04/2022","SLD","951 COURTYARD LN Unit#62","ORLANDO","32825","CLUB AT ORLANDO PH 07","1,111","$180,000","2","2","0","1982","Private, Community","Condominium","$282.00","3","3","6","Conventional","$166.52","$162.02","0.97","HOMES UNLIMITED REAL ESTATE CORP","Waleska Rodriguez Leon","261211998","261012046","261230548","Orlando Regional","Orlando Regional"
"1","O6006047","$180,000","$184,000","02/24/2022","04/21/2022","SLD","2552 WOODGATE BLVD Unit#201","ORLANDO","32822","DOCKSIDE CONDO","930","$180,000","2","2","0","1987","Community","Condominium","$1,880.84","33","33","43","Cash","$197.85","$193.55","0.98","FLORIDA CAPITAL REALTY","Rodrigo Ferreira","261224496","56037","261227278","Orlando Regional","Orlando Regional"
"1","O6010280","$192,000","$180,000","03/22/2022","04/15/2022","SLD","8819 VILLA VIEW CIR Unit#206","ORLANDO","32821","MIRABELLA","745","$192,000","1","1","0","2002","Community","Condominium","$1,618.00","4","4","5","Cash","$241.61","$257.72","1.07","EXP REALTY LLC","Ramon Jorge Mirabal","272509194","56037","261226669","Orlando Regional","Orlando Regional"
"1","O5992436","$145,000","$179,900","12/20/2021","04/08/2022","SLD","4403 S SEMORAN BLVD Unit#4","ORLANDO","32822","AVALION","1,426","$145,000","3","2","0","1974","Community","Condominium","$1,613.00","38","38","68","Private","$126.16","$101.68","0.81","EMPIRE NETWORK REALTY","Maria Calcano-Gonzalez","265505405","261561195","261561196","Orlando Regional","Orlando Regional"
"1","O6003343","$158,000","$175,900","02/11/2022","04/18/2022","SLD","5468 E MICHIGAN ST Unit#2","ORLANDO","32812","SIESTA LAGO CONDOS","851","$158,000","1","1","0","1990","Community","Condominium","$1,693.59","25","25","25","Conventional","$206.70","$185.66","0.90","T REAL ESTATE INC.","Wanda Bido","261095462","261012018","261213194","Orlando Regional","Orlando Regional"
"1","O6012769","$167,500","$175,000","03/23/2022","04/15/2022","SLD","2942 S SEMORAN BLVD Unit#1106","ORLANDO","32822","CENTRE COURT CONDO 03 PH 03","889","$167,500","2","2","0","1990","Community","Condominium","$1,734.54","1","1","1","Cash","$196.85","$188.41","0.96","COLLISON CAPITAL LLC","Taylor Collison","261227886","261016970","261226174","Orlando Regional","Orlando Regional"
"1","O6001943","$172,000","$170,000","02/05/2022","04/01/2022","SLD","4874 CONWAY RD Unit#98","ORLANDO","32812","SIENNA PLACE CONDO","870","$172,000","2","2","0","1973","Community","Condominium","$621.00","13","13","33","Conventional","$195.40","$197.7","1.01","REALTY HUB","Jay Shakur","261208533","261015159","261220007","Orlando Regional","Orlando Regional"
"1","O5985204","$181,000","$170,000","11/18/2021","04/04/2022","SLD","3719 S LAKE ORLANDO PKWY Unit#371","ORLANDO","32808","ASHLEY COURT CONDO","1,398","$181,000","3","2","1","2009","Community","Condominium","$1,792.00","17","17","105","Cash","$121.60","$129.47","1.06","RP INVESTMENT REALTY LLC","George Bateman, III","261216571","261012182","261229517","Orlando Regional","Orlando Regional"
"1","O6006317","$161,000","$169,900","02/24/2022","04/15/2022","SLD","4517 RING NECK RD Unit#C","ORLANDO","32808","PHEASANT RUN AT ROSEMONT CONDO PH 02","1,084","$161,000","2","2","0","1983","None","Townhouse","$1,444.79","15","15","21","Conventional","$156.73","$148.52","0.95","RE/MAX ASSURED","Paul Bastien","261065966","261015120","272506877","Orlando Regional","Orlando Regional"
"1","O6007858","$185,000","$169,000","03/03/2022","04/15/2022","SLD","3602 S POINTE DR Unit#2","ORLANDO","32822","SOUTHPOINTE CONDO UNIT 02","820","$185,000","2","2","0","1984","Community","Condominium","$1,798.82","6","6","45","Cash","$206.10","$225.61","1.09","KELLER WILLIAMS REALTY AT THE PARKS","Uzi Husain","144024438","261016970","261228196","Orlando Regional","Orlando Regional"
"1","O6009004","$168,000","$167,000","03/09/2022","04/20/2022","SLD","3684 SOUTHPOINTE DR Unit#6","ORLANDO","32822","SOUTHPOINTE CONDO","820","$168,000","2","2","0","1983","Community","Condominium","$1,717.00","2","2","3","Conventional","$203.66","$204.88","1.01","REALTY TECH INC","Carmen Vazquez","261207501","261012060","272503867","Orlando Regional","Orlando Regional"
"1","O6005911","$190,400","$166,500","02/23/2022","04/05/2022","SLD","3707 S LAKE ORLANDO PKWY Unit#12","ORLANDO","32808","ASHLEY COURT CONDO","1,270","$190,400","3","2","1","2000","Community","Condominium","$1,815.45","4","4","21","Cash","$131.10","$149.92","1.14","R. RUSSELL PROPERTIES, INC.","Dinah Zessin, PA","261200168","261564827","430012038","Orlando Regional","Orlando Regional"
"1","U8154403","$135,000","$165,000","03/08/2022","04/01/2022","SLD","1051 S HIAWASSEE RD Unit#2125","ORLANDO","32835","TRADEWINDS","627","$135,000","1","1","0","1989","Private, Community","Condominium","$1,496.88","6","6","7","Cash","$263.16","$215.31","0.82","ARCHWATER REALTY","Robert VanPamelen","261073789","51019","261208046","Pinellas Suncoast","Pinellas Suncoast"
"1","A4530025","$175,000","$165,000","03/30/2022","04/18/2022","SLD","320 LAKEVIEW ST Unit#218","ORLANDO","32804","HAMPSHIRE HOUSE","544","$175,000","1","1","0","1959","Community","Condominium","$1,023.00","2","2","2","Cash","$303.31","$321.69","1.06","SAVVY AVENUE, LLC","Moe Mossa","496503916","56037","261206178","Sarasota - Manatee","Sarasota - Manatee"
"1","O6005998","$175,000","$159,900","02/23/2022","04/01/2022","SLD","2550 N ALAFAYA TRL Unit#3205","ORLANDO","32826","WATERFORD LNDG CONDO","810","$175,000","2","1","0","1989","Community","Condominium","$1,483.00","9","9","9","Conventional","$197.41","$216.05","1.09","TRIPLE S REALTY","Shanti Stewart","261201609","55055","123456789","Orlando Regional","Orlando Regional"
"1","O6006316","$150,000","$155,000","02/24/2022","04/14/2022","SLD","2550 N ALAFAYA TRL Unit#6304","ORLANDO","32826","WATERFORD LNDG CONDO","650","$150,000","1","1","0","1989","Community","Condominium","$628.46","16","16","16","Conventional","$238.46","$230.77","0.97","ORLANDO REALTY PROFESSIONALS","Tony Rhodes","261205266","271500110","271514439","Orlando Regional","Orlando Regional"
"1","O6012351","$170,500","$155,000","03/22/2022","04/19/2022","SLD","2550 N ALAFAYA TRL Unit#4206","ORLANDO","32826","WATERFORD LANDINGS","583","$170,500","1","1","0","1989","Community","Condominium","$1,248.00","2","2","2","Cash","$265.87","$292.45","1.10","ORLANDO EXPERT REALTY LLC","Virginia Silberstein","278030051","261011242","261087048","Orlando Regional","Orlando Regional"
"1","S5063086","$150,000","$150,000","02/18/2022","04/05/2022","SLD","8763 WORLDQUEST BLVD Unit#5404","ORLANDO","32821","WORLDQUEST RESIDENCE","1,459","$150,000","3","3","0","2007","Community","Condo - Hotel","$1,942.60","0","0","0","Cash","$102.81","$102.81","1.00","FLORIDA BUSINESS BROKERS & REALTY LLC","Paul Barnes","272500497","59638","261220167","Osceola","Osceola"
"1","S5063060","$150,000","$150,000","02/18/2022","04/05/2022","SLD","8762 WORLDQUEST BLVD Unit#6404","ORLANDO","32821","WORLDQUEST RESIDENCE","1,459","$150,000","3","3","0","2008","Community","Condo - Hotel","$1,942.60","0","0","0","Cash","$102.81","$102.81","1.00","FLORIDA BUSINESS BROKERS & REALTY LLC","Paul Barnes","272500497","272561991","261085160","Osceola","Osceola"
"1","O6006925","$138,000","$149,900","02/27/2022","04/11/2022","SLD","1948 LAKE ATRIUMS CIR Unit#123","ORLANDO","32839","PLAZA/MILLENIUM","864","$138,000","2","2","0","1986","Community","Condominium","$1,162.54","15","15","20","Cash","$173.50","$159.72","0.92","CFRP REALTY LLC","JIRO Filho","261226348","278523902","278529757","Orlando Regional","Orlando Regional"
"1","O6006887","$140,000","$149,900","02/27/2022","04/11/2022","SLD","1948 LAKE ATRIUMS CIR Unit#113","ORLANDO","32839","PLAZA/MILLENIUM","864","$140,000","2","2","0","1986","Community","Condominium","$1,201.37","16","16","21","Cash","$173.50","$162.04","0.93","CFRP REALTY LLC","JIRO Filho","261226348","55055","123456789","Orlando Regional","Orlando Regional"
"1","O6003871","$155,000","$149,000","02/25/2022","04/13/2022","SLD","4426 S LAKE ORLANDO PKWY Unit#6","ORLANDO","32808","MANCHESTER CLUB PH 02","1,089","$155,000","2","2","0","1984","None","Condominium","$1,451.22","3","3","7","Conventional","$136.82","$142.33","1.04","KELLER WILLIAMS WINTER PARK","Lisa Gould","261014422","261011068","261072518","Orlando Regional","Orlando Regional"
"1","O6012546","$119,000","$139,000","03/24/2022","04/08/2022","SLD","4633 CASON COVE DR Unit#1723","ORLANDO","32811","MILLENIA COVE","700","$119,000","1","1","0","1988","Community","Condominium","$1,394.00","0","0","2","Cash","$198.57","$170","0.86","DAN GIL REAL ESTATE","Dan Gil","261202391","261017073","261202391","Orlando Regional","Orlando Regional"
"1","O6007946","$152,000","$139,000","03/04/2022","04/05/2022","SLD","2598 ROBERT TRENT JONES DR Unit#1025","ORLANDO","32835","MADISON/METROWEST","854","$152,000","1","1","0","1995","Community","Condominium","$1,847.01","3","3","7","Conventional","$162.76","$177.99","1.09","KELLER WILLIAMS REALTY AT THE PARKS","Sheena Tapia","261226669","272550027","261230873","Orlando Regional","Orlando Regional"
"1","O6004242","$125,000","$135,000","02/15/2022","04/11/2022","SLD","5317 CURRY FORD RD Unit#201","ORLANDO","32812","GROVE PARK CONDO","728","$125,000","1","1","0","1968","Community","Condominium","$992.31","21","21","21","Cash","$185.44","$171.7","0.93","ROI AVE LLC","Estefany Sanchez Delgado","261224426","55055","123456789","Orlando Regional","Orlando Regional"
"1","O6011765","$135,000","$130,000","03/18/2022","04/11/2022","SLD","5962 WESTGATE DR Unit#304","ORLANDO","32835","CENTRAL PARK METROWEST CONDO","1,037","$135,000","1","1","0","1988","Community","Condominium","$1,653.00","3","3","3","Cash","$125.36","$130.18","1.04","ORLANDO PROP MGMNT RLTY LLC","Frederick Mansfield","261217347","54889","261204984","Orlando Regional","Orlando Regional"
"1","O5955689","$114,900","$124,900","07/01/2021","04/12/2022","SLD","6324 PARC CORNICHE DR Unit#1213","ORLANDO","32821","PARC CORNICHE CONDO PH 01","759","$114,900","2","2","0","1989","Community","Condo - Hotel","$1,452.90","254","254","255","Cash","$151.38","$151.38","1.00","GLOBAL ALLIANCE REALTY INC","Jorgeman De Souza","261097578","261010944","272562605","Orlando Regional","Orlando Regional"
"1","O6007330","$128,000","$123,900","03/03/2022","04/15/2022","SLD","1091 S HIAWASSEE RD Unit#223","ORLANDO","32835","TRADEWINDS","627","$128,000","1","1","0","1989","Community","Condominium","$1,497.00","7","7","17","Cash","$197.61","$204.15","1.03","FLORIDA REALTY INVESTMENTS","Ryan Langley","261070151","261016619","261098755","Orlando Regional","Orlando Regional"
"1","O6007353","$135,000","$123,900","03/04/2022","04/05/2022","SLD","1031 S HIAWASSEE RD Unit#2514","ORLANDO","32835","TRADEWINDS","627","$135,000","1","1","0","1989","Community","Condominium","$1,497.00","5","5","15","Cash","$197.61","$215.31","1.09","FLORIDA REALTY INVESTMENTS","Ryan Langley","261070151","261016427","261211496","Orlando Regional","Orlando Regional"
"1","O6006253","$115,000","$115,000","03/18/2022","04/16/2022","SLD","5117 CITY ST Unit#738","ORLANDO","32839","CHARLES TOWNE/PK CENTRAL CONDO","650","$115,000","1","1","0","1997","Community","Condominium","$1,508.00","2","2","2","Cash","$176.92","$176.92","1.00","FLORIDA REALTY INVESTMENTS","Ryan Langley","261070151","261011075","261213577","Orlando Regional","Orlando Regional"
"1","O6016164","$90,000","$89,900","04/08/2022","04/22/2022","SLD","7604 FOREST CITY RD Unit#D","ORLANDO","32810","MAGNOLIA COURT CONDO","687","$90,000","1","1","0","1975","Private, Community","Condominium","$345.00","0","0","2","Cash","$130.86","$131","1.00","CHARLES RUTENBERG REALTY ORLANDO","Donna Dejarnatt","261206704","279627992","277005818","Orlando Regional","Orlando Regional"
"1","S5063894","$220,000","$22,000","04/04/2022","04/19/2022","SLD","11532 WESTWOOD BLVD Unit#618","ORLANDO","32821","LEXINGTON PLACE CONDO","971","$220,000","2","2","0","1989","Community","Condominium","$1,992.00","2","2","2","Cash","$226.57","$226.57","1.00","AGENT TRUST REALTY CORPORATION","Maria Gomez","279589790","261011490","279589790","Osceola","Osceola"
